strain	date	species	stage	population_type	continent	country	state	municipality	pathway	haplogroup_Battaglia	haplogroup_Ibanez	db	segment	authors	url	title	journal	paper_url
32608627	2017-08-21	Aedes albopictus	adult 	field	europe	netherlands	gelderland	aalten	NL introdution		1A	genbank	genome	Ibanez et al. 2021	https://www.ncbi.nlm.nih.gov/nuccore/MZ374140	Tracking Asian tiger mosquito outbreak in the Netherlands using Nextstrain		
32906210	2017-08-16	Aedes albopictus	adult 	field	europe	netherlands	gelderland	aalten	NL introdution		1C	genbank	genome	Ibanez et al. 2021	https://www.ncbi.nlm.nih.gov/nuccore/MZ374141	Tracking Asian tiger mosquito outbreak in the Netherlands using Nextstrain		
33208270	2017-08-29	Aedes albopictus	adult 	field	europe	netherlands	gelderland	aalten	NL introdution		1C	genbank	genome	Ibanez et al. 2021	https://www.ncbi.nlm.nih.gov/nuccore/MZ374142	Tracking Asian tiger mosquito outbreak in the Netherlands using Nextstrain		
5616031-2	2015-08-10	Aedes albopictus	adult 	field	europe	netherlands	drenthe	assen	PoE used tires		1B	genbank	genome	Ibanez et al. 2021	https://www.ncbi.nlm.nih.gov/nuccore/MZ374143	Tracking Asian tiger mosquito outbreak in the Netherlands using Nextstrain		
6270281	2016-07-07	Aedes albopictus	adult 	field	europe	netherlands	drenthe	assen	PoE used tires		1B	genbank	genome	Ibanez et al. 2021	https://www.ncbi.nlm.nih.gov/nuccore/MZ374144	Tracking Asian tiger mosquito outbreak in the Netherlands using Nextstrain		
6751261	2016-06-24	Aedes albopictus	adult 	field	europe	netherlands	drenthe	assen	PoE used tires		1A	genbank	genome	Ibanez et al. 2021	https://www.ncbi.nlm.nih.gov/nuccore/MZ374145	Tracking Asian tiger mosquito outbreak in the Netherlands using Nextstrain		
32592792	2017-08-09	Aedes albopictus	adult 	field	europe	netherlands	drenthe	assen	PoE used tires		1B	genbank	genome	Ibanez et al. 2021	https://www.ncbi.nlm.nih.gov/nuccore/MZ374146	Tracking Asian tiger mosquito outbreak in the Netherlands using Nextstrain		
33783195	2017-09-06	Aedes albopictus	adult 	field	europe	netherlands	drenthe	assen	PoE used tires		1B	genbank	genome	Ibanez et al. 2021	https://www.ncbi.nlm.nih.gov/nuccore/MZ374147	Tracking Asian tiger mosquito outbreak in the Netherlands using Nextstrain		
5712701-1	2014-06-17	Aedes albopictus	adult 	field	europe	netherlands	flevoland	emmeloord	PoE used tires		1A	genbank	genome	Ibanez et al. 2021	https://www.ncbi.nlm.nih.gov/nuccore/MZ374148	Tracking Asian tiger mosquito outbreak in the Netherlands using Nextstrain		
5712875-1	2014-07-01	Aedes albopictus	adult 	field	europe	netherlands	flevoland	emmeloord	PoE used tires		1A	genbank	genome	Ibanez et al. 2021	https://www.ncbi.nlm.nih.gov/nuccore/MZ374149	Tracking Asian tiger mosquito outbreak in the Netherlands using Nextstrain		
5616015	2015-08-11	Aedes albopictus	adult 	field	europe	netherlands	flevoland	emmeloord	PoE used tires		1A	genbank	genome	Ibanez et al. 2021	https://www.ncbi.nlm.nih.gov/nuccore/MZ374150	Tracking Asian tiger mosquito outbreak in the Netherlands using Nextstrain		
5700890-1	2015-07-13	Aedes albopictus	adult 	field	europe	netherlands	flevoland	emmeloord	PoE used tires		1A	genbank	genome	Ibanez et al. 2021	https://www.ncbi.nlm.nih.gov/nuccore/MZ374151	Tracking Asian tiger mosquito outbreak in the Netherlands using Nextstrain		
6535399	2016-09-12	Aedes albopictus	adult 	field	europe	netherlands	flevoland	emmeloord	PoE used tires		1B	genbank	genome	Ibanez et al. 2021	https://www.ncbi.nlm.nih.gov/nuccore/MZ374152	Tracking Asian tiger mosquito outbreak in the Netherlands using Nextstrain		
6615091	2016-09-13	Aedes albopictus	adult 	field	europe	netherlands	noord-brabant	etten-leur	PoE used tires		1B	genbank	genome	Ibanez et al. 2021	https://www.ncbi.nlm.nih.gov/nuccore/MZ374153	Tracking Asian tiger mosquito outbreak in the Netherlands using Nextstrain		
5561448-1	2014-09-23	Aedes albopictus	adult 	field	europe	netherlands	flevoland	lelystad	PoE used tires		1B	genbank	genome	Ibanez et al. 2021	https://www.ncbi.nlm.nih.gov/nuccore/MZ374154	Tracking Asian tiger mosquito outbreak in the Netherlands using Nextstrain		
5561448-2	2014-09-23	Aedes albopictus	adult 	field	europe	netherlands	flevoland	lelystad	PoE used tires		1A	genbank	genome	Ibanez et al. 2021	https://www.ncbi.nlm.nih.gov/nuccore/MZ374155	Tracking Asian tiger mosquito outbreak in the Netherlands using Nextstrain		
5668640	2016-06-23	Aedes albopictus	adult 	field	europe	netherlands	flevoland	lelystad	PoE used tires		1B	genbank	genome	Ibanez et al. 2021	https://www.ncbi.nlm.nih.gov/nuccore/MZ374156	Tracking Asian tiger mosquito outbreak in the Netherlands using Nextstrain		
6528068-1	2016-09-06	Aedes albopictus	adult 	field	europe	netherlands	flevoland	lelystad	PoE used tires		1B	genbank	genome	Ibanez et al. 2021	https://www.ncbi.nlm.nih.gov/nuccore/MZ374157	Tracking Asian tiger mosquito outbreak in the Netherlands using Nextstrain		
33630252	2017-06-23	Aedes albopictus	adult 	field	europe	netherlands	flevoland	lelystad	PoE used tires		1B	genbank	genome	Ibanez et al. 2021	https://www.ncbi.nlm.nih.gov/nuccore/MZ374158	Tracking Asian tiger mosquito outbreak in the Netherlands using Nextstrain		
33800020	2017-07-23	Aedes albopictus	adult 	field	europe	netherlands	flevoland	lelystad	PoE used tires		1A	genbank	genome	Ibanez et al. 2021	https://www.ncbi.nlm.nih.gov/nuccore/MZ374159	Tracking Asian tiger mosquito outbreak in the Netherlands using Nextstrain		
33801277	2017-06-15	Aedes albopictus	adult 	field	europe	netherlands	flevoland	lelystad	PoE used tires		1B	genbank	genome	Ibanez et al. 2021	https://www.ncbi.nlm.nih.gov/nuccore/MZ374160	Tracking Asian tiger mosquito outbreak in the Netherlands using Nextstrain		
33630762	2017-07-18	Aedes albopictus	adult 	field	europe	netherlands	utrecht	montfoort	PoE used tires		1B	genbank	genome	Ibanez et al. 2021	https://www.ncbi.nlm.nih.gov/nuccore/MZ374161	Tracking Asian tiger mosquito outbreak in the Netherlands using Nextstrain		
5566070	2014-07-30	Aedes albopictus	adult 	field	europe	netherlands	noord-brabant	oss	PoE used tires		1B	genbank	genome	Ibanez et al. 2021	https://www.ncbi.nlm.nih.gov/nuccore/MZ374162	Tracking Asian tiger mosquito outbreak in the Netherlands using Nextstrain		
6270036	2014-08-13	Aedes albopictus	adult 	field	europe	netherlands	noord-brabant	oss	PoE used tires		1B	genbank	genome	Ibanez et al. 2021	https://www.ncbi.nlm.nih.gov/nuccore/MZ374163	Tracking Asian tiger mosquito outbreak in the Netherlands using Nextstrain		
5665407	2014-06-17	Aedes albopictus	adult 	field	europe	netherlands	limburg	weert	PoE used tires		1B	genbank	genome	Ibanez et al. 2021	https://www.ncbi.nlm.nih.gov/nuccore/MZ374164	Tracking Asian tiger mosquito outbreak in the Netherlands using Nextstrain		
32717217	2017-09-19	Aedes albopictus	adult 	field	europe	netherlands	gelderland	dieren	NL introdution		1B	genbank	genome	Ibanez et al. 2021	https://www.ncbi.nlm.nih.gov/nuccore/MZ374165	Tracking Asian tiger mosquito outbreak in the Netherlands using Nextstrain		
32593779	2017-05-22	Aedes albopictus	adult 	field	europe	netherlands	zuid-holland	naaldwijk	PoE auction		1B	genbank	genome	Ibanez et al. 2021	https://www.ncbi.nlm.nih.gov/nuccore/MZ374166	Tracking Asian tiger mosquito outbreak in the Netherlands using Nextstrain		
33048756	2017-11-13	Aedes albopictus	adult 	field	europe	netherlands	noord-holland	haarlemmermeer	PoE airport		1A	genbank	genome	Ibanez et al. 2021	https://www.ncbi.nlm.nih.gov/nuccore/MZ374167	Tracking Asian tiger mosquito outbreak in the Netherlands using Nextstrain		
33176694	2017-05-23	Aedes albopictus	adult 	field	europe	netherlands	noord-holland	haarlemmermeer	PoE airport		1A	genbank	genome	Ibanez et al. 2021	https://www.ncbi.nlm.nih.gov/nuccore/MZ374168	Tracking Asian tiger mosquito outbreak in the Netherlands using Nextstrain		
6812106-134	2016-10-05	Aedes albopictus	adult 	field	europe	netherlands	gelderland	veenendaal	NL introdution		1B	genbank	genome	Ibanez et al. 2021	https://www.ncbi.nlm.nih.gov/nuccore/MZ374169	Tracking Asian tiger mosquito outbreak in the Netherlands using Nextstrain		
6762268-1-103	2016-08-20	Aedes albopictus	adult 	field	europe	netherlands	gelderland	veenendaal	NL introdution		1B	genbank	genome	Ibanez et al. 2021	https://www.ncbi.nlm.nih.gov/nuccore/MZ374170	Tracking Asian tiger mosquito outbreak in the Netherlands using Nextstrain		
5637019	2016-09-07	Aedes albopictus	adult 	field	europe	netherlands	limburg	weert	NL introdution		1A	genbank	genome	Ibanez et al. 2021	https://www.ncbi.nlm.nih.gov/nuccore/MZ374171	Tracking Asian tiger mosquito outbreak in the Netherlands using Nextstrain		
5842426	2016-07-27	Aedes albopictus	adult 	field	europe	netherlands	limburg	weert	NL introdution		1B	genbank	genome	Ibanez et al. 2021	https://www.ncbi.nlm.nih.gov/nuccore/MZ374172	Tracking Asian tiger mosquito outbreak in the Netherlands using Nextstrain		
6750291	2016-06-28	Aedes albopictus	adult 	field	europe	netherlands	limburg	weert	NL introdution		1B	genbank	genome	Ibanez et al. 2021	https://www.ncbi.nlm.nih.gov/nuccore/MZ374173	Tracking Asian tiger mosquito outbreak in the Netherlands using Nextstrain		
6750494	2016-07-13	Aedes albopictus	adult 	field	europe	netherlands	limburg	weert	NL introdution		1B	genbank	genome	Ibanez et al. 2021	https://www.ncbi.nlm.nih.gov/nuccore/MZ374174	Tracking Asian tiger mosquito outbreak in the Netherlands using Nextstrain		
5843509	2016-09-07	Aedes albopictus	adult 	field	europe	netherlands	limburg	weert	NL introdution		1A	genbank	genome	Ibanez et al. 2021	https://www.ncbi.nlm.nih.gov/nuccore/MZ374175	Tracking Asian tiger mosquito outbreak in the Netherlands using Nextstrain		
33632161	2017-09-06	Aedes albopictus	adult 	field	europe	netherlands	limburg	weert	NL introdution		1A	genbank	genome	Ibanez et al. 2021	https://www.ncbi.nlm.nih.gov/nuccore/MZ374176	Tracking Asian tiger mosquito outbreak in the Netherlands using Nextstrain		
33781173-1a	2017-08-23	Aedes albopictus	adult 	field	europe	netherlands	limburg	weert	NL introdution		1B	genbank	genome	Ibanez et al. 2021	https://www.ncbi.nlm.nih.gov/nuccore/MZ374177	Tracking Asian tiger mosquito outbreak in the Netherlands using Nextstrain		
6812448	2016-08-03	Aedes albopictus	adult 	field	europe	netherlands	zuid-holland	leimuiden	PoE Lucky bamboo		1E	genbank	genome	Ibanez et al. 2021	https://www.ncbi.nlm.nih.gov/nuccore/MZ374178	Tracking Asian tiger mosquito outbreak in the Netherlands using Nextstrain		
5962807-1	2016-08-01	Aedes albopictus	adult 	field	europe	netherlands	zuid-holland	leimuiden	PoE Lucky bamboo		1A	genbank	genome	Ibanez et al. 2021	https://www.ncbi.nlm.nih.gov/nuccore/MZ374179	Tracking Asian tiger mosquito outbreak in the Netherlands using Nextstrain		
5962815-1	2016-08-01	Aedes albopictus	adult 	field	europe	netherlands	zuid-holland	leimuiden	PoE Lucky bamboo		1A	genbank	genome	Ibanez et al. 2021	https://www.ncbi.nlm.nih.gov/nuccore/MZ374180	Tracking Asian tiger mosquito outbreak in the Netherlands using Nextstrain		
5870806	2015-04-07	Aedes albopictus	adult 	field	europe	netherlands	noord-holland	amstelveen	PoE Lucky bamboo		1D	genbank	genome	Ibanez et al. 2021	https://www.ncbi.nlm.nih.gov/nuccore/MZ374181	Tracking Asian tiger mosquito outbreak in the Netherlands using Nextstrain		
5993541	2015-03-23	Aedes albopictus	adult 	field	europe	netherlands	noord-holland	amstelveen	PoE Lucky bamboo		1A	genbank	genome	Ibanez et al. 2021	https://www.ncbi.nlm.nih.gov/nuccore/MZ374182	Tracking Asian tiger mosquito outbreak in the Netherlands using Nextstrain		
5872617-1	2015-03-13	Aedes albopictus	adult 	field	europe	netherlands	noord-holland	amstelveen	PoE Lucky bamboo		1A	genbank	genome	Ibanez et al. 2021	https://www.ncbi.nlm.nih.gov/nuccore/MZ374183	Tracking Asian tiger mosquito outbreak in the Netherlands using Nextstrain		
6298741	2017-03-02	Aedes albopictus	adult 	field	europe	netherlands	zuid-holland	bleiswijk	PoE Lucky bamboo		1D	genbank	genome	Ibanez et al. 2021	https://www.ncbi.nlm.nih.gov/nuccore/MZ374184	Tracking Asian tiger mosquito outbreak in the Netherlands using Nextstrain		
6298768	2017-03-02	Aedes albopictus	adult 	field	europe	netherlands	zuid-holland	bleiswijk	PoE Lucky bamboo		1D	genbank	genome	Ibanez et al. 2021	https://www.ncbi.nlm.nih.gov/nuccore/MZ374185	Tracking Asian tiger mosquito outbreak in the Netherlands using Nextstrain		
5757782	2015-08-03	Aedes albopictus	adult 	field	europe	netherlands	zuid-holland	sgravenzande	PoE Lucky bamboo		1E	genbank	genome	Ibanez et al. 2021	https://www.ncbi.nlm.nih.gov/nuccore/MZ374186	Tracking Asian tiger mosquito outbreak in the Netherlands using Nextstrain		
6621828	2015-10-15	Aedes albopictus	adult 	field	europe	netherlands	zuid-holland	sgravenzande	PoE Lucky bamboo		1D	genbank	genome	Ibanez et al. 2021	https://www.ncbi.nlm.nih.gov/nuccore/MZ374187	Tracking Asian tiger mosquito outbreak in the Netherlands using Nextstrain		
5689812-1	2016-09-21	Aedes albopictus	adult 	field	europe	spain	catalunya	barcelona	Ref panel		1A	genbank	genome	Ibanez et al. 2021	https://www.ncbi.nlm.nih.gov/nuccore/MZ374188	Tracking Asian tiger mosquito outbreak in the Netherlands using Nextstrain		
5689812-20	2016-09-21	Aedes albopictus	adult 	field	europe	spain	catalunya	barcelona	Ref panel		1A	genbank	genome	Ibanez et al. 2021	https://www.ncbi.nlm.nih.gov/nuccore/MZ374189	Tracking Asian tiger mosquito outbreak in the Netherlands using Nextstrain		
6410932-1	2016-09-14	Aedes albopictus	adult 	field	europe	italy	emilia_romagna	copparo	Ref panel		1B	genbank	genome	Ibanez et al. 2021	https://www.ncbi.nlm.nih.gov/nuccore/MZ374190	Tracking Asian tiger mosquito outbreak in the Netherlands using Nextstrain		
6410932-2	2016-09-14	Aedes albopictus	adult 	field	europe	italy	emilia_romagna	copparo	Ref panel		1B	genbank	genome	Ibanez et al. 2021	https://www.ncbi.nlm.nih.gov/nuccore/MZ374191	Tracking Asian tiger mosquito outbreak in the Netherlands using Nextstrain		
6410932-4a	2016-09-14	Aedes albopictus	adult 	field	europe	italy	emilia_romagna	copparo	Ref panel		1B	genbank	genome	Ibanez et al. 2021	https://www.ncbi.nlm.nih.gov/nuccore/MZ374192	Tracking Asian tiger mosquito outbreak in the Netherlands using Nextstrain		
6410959-1	2015-08-13	Aedes albopictus	adult 	field	europe	greece	central_macedonia	thessaloniki	Ref panel		1A	genbank	genome	Ibanez et al. 2021	https://www.ncbi.nlm.nih.gov/nuccore/MZ374193	Tracking Asian tiger mosquito outbreak in the Netherlands using Nextstrain		
6410959-2	2015-08-13	Aedes albopictus	adult 	field	europe	greece	central_macedonia	thessaloniki	Ref panel		1A	genbank	genome	Ibanez et al. 2021	https://www.ncbi.nlm.nih.gov/nuccore/MZ374194	Tracking Asian tiger mosquito outbreak in the Netherlands using Nextstrain		
5689820-1	2016-10-14	Aedes albopictus	adult 	field	europe	spain	valencia	valencia	Ref panel		1A	genbank	genome	Ibanez et al. 2021	https://www.ncbi.nlm.nih.gov/nuccore/MZ374195	Tracking Asian tiger mosquito outbreak in the Netherlands using Nextstrain		
5689820-2	2016-10-14	Aedes albopictus	adult 	field	europe	spain	valencia	valencia	Ref panel		1A	genbank	genome	Ibanez et al. 2021	https://www.ncbi.nlm.nih.gov/nuccore/MZ374196	Tracking Asian tiger mosquito outbreak in the Netherlands using Nextstrain		
5689820-3	2016-10-14	Aedes albopictus	adult 	field	europe	spain	valencia	valencia	Ref panel		1A	genbank	genome	Ibanez et al. 2021	https://www.ncbi.nlm.nih.gov/nuccore/MZ374197	Tracking Asian tiger mosquito outbreak in the Netherlands using Nextstrain		
6123888-1	2016-08-08	Aedes albopictus	adult 	field	europe	netherlands	gelderland	veenendaal	NL introdution		1B	genbank	genome	Ibanez et al. 2021	https://www.ncbi.nlm.nih.gov/nuccore/MZ374198	Tracking Asian tiger mosquito outbreak in the Netherlands using Nextstrain		
6557774-1	2016-08-13	Aedes albopictus	adult 	field	europe	netherlands	gelderland	veenendaal	NL introdution		1B	genbank	genome	Ibanez et al. 2021	https://www.ncbi.nlm.nih.gov/nuccore/MZ374199	Tracking Asian tiger mosquito outbreak in the Netherlands using Nextstrain		
6400208-1	2016-08-12	Aedes albopictus	adult 	field	europe	netherlands	gelderland	veenendaal	NL introdution		1B	genbank	genome	Ibanez et al. 2021	https://www.ncbi.nlm.nih.gov/nuccore/MZ374200	Tracking Asian tiger mosquito outbreak in the Netherlands using Nextstrain		
6302624-1	2016-08-19	Aedes albopictus	adult 	field	europe	netherlands	gelderland	veenendaal	NL introdution		1B	genbank	genome	Ibanez et al. 2021	https://www.ncbi.nlm.nih.gov/nuccore/MZ374201	Tracking Asian tiger mosquito outbreak in the Netherlands using Nextstrain		
6762268-1	2016-08-20	Aedes albopictus	adult 	field	europe	netherlands	gelderland	veenendaal	NL introdution		1B	genbank	genome	Ibanez et al. 2021	https://www.ncbi.nlm.nih.gov/nuccore/MZ374202	Tracking Asian tiger mosquito outbreak in the Netherlands using Nextstrain		
6762268-2	2016-08-20	Aedes albopictus	adult 	field	europe	netherlands	gelderland	veenendaal	NL introdution		1B	genbank	genome	Ibanez et al. 2021	https://www.ncbi.nlm.nih.gov/nuccore/MZ374203	Tracking Asian tiger mosquito outbreak in the Netherlands using Nextstrain		
6762292-1	2016-08-20	Aedes albopictus	adult 	field	europe	netherlands	gelderland	veenendaal	NL introdution		1B	genbank	genome	Ibanez et al. 2021	https://www.ncbi.nlm.nih.gov/nuccore/MZ374204	Tracking Asian tiger mosquito outbreak in the Netherlands using Nextstrain		
6443689-1	2016-08-19	Aedes albopictus	adult 	field	europe	netherlands	gelderland	veenendaal	NL introdution		1B	genbank	genome	Ibanez et al. 2021	https://www.ncbi.nlm.nih.gov/nuccore/MZ374205	Tracking Asian tiger mosquito outbreak in the Netherlands using Nextstrain		
6546450-1	2016-08-22	Aedes albopictus	adult 	field	europe	netherlands	flevoland	emmeloord	PoE used tires		1A	genbank	genome	Ibanez et al. 2021	https://www.ncbi.nlm.nih.gov/nuccore/MZ374206	Tracking Asian tiger mosquito outbreak in the Netherlands using Nextstrain		
6768088-1	2016-08-26	Aedes albopictus	adult 	field	europe	netherlands	gelderland	veenendaal	NL introdution		1B	genbank	genome	Ibanez et al. 2021	https://www.ncbi.nlm.nih.gov/nuccore/MZ374207	Tracking Asian tiger mosquito outbreak in the Netherlands using Nextstrain		
6768088-2	2016-08-26	Aedes albopictus	adult 	field	europe	netherlands	gelderland	veenendaal	NL introdution		1B	genbank	genome	Ibanez et al. 2021	https://www.ncbi.nlm.nih.gov/nuccore/MZ374208	Tracking Asian tiger mosquito outbreak in the Netherlands using Nextstrain		
6762305-1	2016-08-26	Aedes albopictus	adult 	field	europe	netherlands	gelderland	veenendaal	NL introdution		1B	genbank	genome	Ibanez et al. 2021	https://www.ncbi.nlm.nih.gov/nuccore/MZ374209	Tracking Asian tiger mosquito outbreak in the Netherlands using Nextstrain		
6768117-1	2016-08-26	Aedes albopictus	adult 	field	europe	netherlands	gelderland	veenendaal	NL introdution		1B	genbank	genome	Ibanez et al. 2021	https://www.ncbi.nlm.nih.gov/nuccore/MZ374210	Tracking Asian tiger mosquito outbreak in the Netherlands using Nextstrain		
6768133-1	2016-08-26	Aedes albopictus	adult 	field	europe	netherlands	gelderland	veenendaal	NL introdution		1B	genbank	genome	Ibanez et al. 2021	https://www.ncbi.nlm.nih.gov/nuccore/MZ374211	Tracking Asian tiger mosquito outbreak in the Netherlands using Nextstrain		
5484577-1	2016-09-01	Aedes albopictus	adult 	field	europe	netherlands	gelderland	veenendaal	NL introdution		1B	genbank	genome	Ibanez et al. 2021	https://www.ncbi.nlm.nih.gov/nuccore/MZ374212	Tracking Asian tiger mosquito outbreak in the Netherlands using Nextstrain		
5484577-2	2016-09-01	Aedes albopictus	adult 	field	europe	netherlands	gelderland	veenendaal	NL introdution		1A	genbank	genome	Ibanez et al. 2021	https://www.ncbi.nlm.nih.gov/nuccore/MZ374213	Tracking Asian tiger mosquito outbreak in the Netherlands using Nextstrain		
6499658-1	2016-09-02	Aedes albopictus	adult 	field	europe	netherlands	gelderland	veenendaal	NL introdution		1B	genbank	genome	Ibanez et al. 2021	https://www.ncbi.nlm.nih.gov/nuccore/MZ374214	Tracking Asian tiger mosquito outbreak in the Netherlands using Nextstrain		
6499658-2	2016-09-02	Aedes albopictus	adult 	field	europe	netherlands	gelderland	veenendaal	NL introdution		1B	genbank	genome	Ibanez et al. 2021	https://www.ncbi.nlm.nih.gov/nuccore/MZ374215	Tracking Asian tiger mosquito outbreak in the Netherlands using Nextstrain		
6499594-1	2016-09-02	Aedes albopictus	adult 	field	europe	netherlands	gelderland	veenendaal	NL introdution		1B	genbank	genome	Ibanez et al. 2021	https://www.ncbi.nlm.nih.gov/nuccore/MZ374216	Tracking Asian tiger mosquito outbreak in the Netherlands using Nextstrain		
33275860-1	2017-08-28	Aedes albopictus	adult 	field	europe	netherlands	gelderland	aalten	NL introdution		1A	genbank	genome	Ibanez et al. 2021	https://www.ncbi.nlm.nih.gov/nuccore/MZ374217	Tracking Asian tiger mosquito outbreak in the Netherlands using Nextstrain		
33208254-1	2017-08-29	Aedes albopictus	adult 	field	europe	netherlands	gelderland	aalten	NL introdution		1A	genbank	genome	Ibanez et al. 2021	https://www.ncbi.nlm.nih.gov/nuccore/MZ374218	Tracking Asian tiger mosquito outbreak in the Netherlands using Nextstrain		
33208270-1	2017-08-29	Aedes albopictus	adult 	field	europe	netherlands	gelderland	aalten	NL introdution		1C	genbank	genome	Ibanez et al. 2021	https://www.ncbi.nlm.nih.gov/nuccore/MZ374219	Tracking Asian tiger mosquito outbreak in the Netherlands using Nextstrain		
33208270-2	2017-08-29	Aedes albopictus	adult 	field	europe	netherlands	gelderland	aalten	NL introdution		1C	genbank	genome	Ibanez et al. 2021	https://www.ncbi.nlm.nih.gov/nuccore/MZ374220	Tracking Asian tiger mosquito outbreak in the Netherlands using Nextstrain		
33208270-3	2017-08-29	Aedes albopictus	adult 	field	europe	netherlands	gelderland	aalten	NL introdution		1C	genbank	genome	Ibanez et al. 2021	https://www.ncbi.nlm.nih.gov/nuccore/MZ374221	Tracking Asian tiger mosquito outbreak in the Netherlands using Nextstrain		
33978339-1	2017-09-05	Aedes albopictus	adult 	field	europe	netherlands	gelderland	aalten	NL introdution		1C	genbank	genome	Ibanez et al. 2021	https://www.ncbi.nlm.nih.gov/nuccore/MZ374222	Tracking Asian tiger mosquito outbreak in the Netherlands using Nextstrain		
32658431-1	2017-09-07	Aedes albopictus	adult 	field	europe	netherlands	gelderland	aalten	NL introdution		1C	genbank	genome	Ibanez et al. 2021	https://www.ncbi.nlm.nih.gov/nuccore/MZ374223	Tracking Asian tiger mosquito outbreak in the Netherlands using Nextstrain		
33785705-1	2017-09-15	Aedes albopictus	adult 	field	europe	netherlands	gelderland	aalten	NL introdution		1A	genbank	genome	Ibanez et al. 2021	https://www.ncbi.nlm.nih.gov/nuccore/MZ374224	Tracking Asian tiger mosquito outbreak in the Netherlands using Nextstrain		
32906210-1	2017-08-16	Aedes albopictus	adult 	field	europe	netherlands	gelderland	aalten	NL introdution		1C	genbank	genome	Ibanez et al. 2021	https://www.ncbi.nlm.nih.gov/nuccore/MZ374225	Tracking Asian tiger mosquito outbreak in the Netherlands using Nextstrain		
32906210-2	2017-08-16	Aedes albopictus	adult 	field	europe	netherlands	gelderland	aalten	NL introdution		1C	genbank	genome	Ibanez et al. 2021	https://www.ncbi.nlm.nih.gov/nuccore/MZ374226	Tracking Asian tiger mosquito outbreak in the Netherlands using Nextstrain		
32906210-3	2017-08-16	Aedes albopictus	adult 	field	europe	netherlands	gelderland	aalten	NL introdution		1C	genbank	genome	Ibanez et al. 2021	https://www.ncbi.nlm.nih.gov/nuccore/MZ374227	Tracking Asian tiger mosquito outbreak in the Netherlands using Nextstrain		
33803408-1	2017-08-16	Aedes albopictus	adult 	field	europe	netherlands	gelderland	aalten	NL introdution		1A	genbank	genome	Ibanez et al. 2021	https://www.ncbi.nlm.nih.gov/nuccore/MZ374228	Tracking Asian tiger mosquito outbreak in the Netherlands using Nextstrain		
32608627-1	2017-08-21	Aedes albopictus	adult 	field	europe	netherlands	gelderland	aalten	NL introdution		1C	genbank	genome	Ibanez et al. 2021	https://www.ncbi.nlm.nih.gov/nuccore/MZ374229	Tracking Asian tiger mosquito outbreak in the Netherlands using Nextstrain		
32608627-2	2017-08-21	Aedes albopictus	adult 	field	europe	netherlands	gelderland	aalten	NL introdution		1C	genbank	genome	Ibanez et al. 2021	https://www.ncbi.nlm.nih.gov/nuccore/MZ374230	Tracking Asian tiger mosquito outbreak in the Netherlands using Nextstrain		
32906173-1	2017-08-21	Aedes albopictus	adult 	field	europe	netherlands	gelderland	aalten	NL introdution		1C	genbank	genome	Ibanez et al. 2021	https://www.ncbi.nlm.nih.gov/nuccore/MZ374231	Tracking Asian tiger mosquito outbreak in the Netherlands using Nextstrain		
33802480-1	2017-08-25	Aedes albopictus	adult 	field	europe	netherlands	gelderland	aalten	NL introdution		1C	genbank	genome	Ibanez et al. 2021	https://www.ncbi.nlm.nih.gov/nuccore/MZ374232	Tracking Asian tiger mosquito outbreak in the Netherlands using Nextstrain		
33238584-1	2017-08-28	Aedes albopictus	adult 	field	europe	netherlands	gelderland	aalten	NL introdution		1A	genbank	genome	Ibanez et al. 2021	https://www.ncbi.nlm.nih.gov/nuccore/MZ374233	Tracking Asian tiger mosquito outbreak in the Netherlands using Nextstrain		
33033925-1	2017-07-27	Aedes albopictus	adult 	field	europe	netherlands	limburg	weert	NL introdution		1B	genbank	genome	Ibanez et al. 2021	https://www.ncbi.nlm.nih.gov/nuccore/MZ374234	Tracking Asian tiger mosquito outbreak in the Netherlands using Nextstrain		
32671730-1	2017-07-28	Aedes albopictus	adult 	field	europe	netherlands	limburg	weert	NL introdution		1B	genbank	genome	Ibanez et al. 2021	https://www.ncbi.nlm.nih.gov/nuccore/MZ374235	Tracking Asian tiger mosquito outbreak in the Netherlands using Nextstrain		
34159650-1	2017-08-09	Aedes albopictus	adult 	field	europe	netherlands	limburg	weert	NL introdution		1B	genbank	genome	Ibanez et al. 2021	https://www.ncbi.nlm.nih.gov/nuccore/MZ374236	Tracking Asian tiger mosquito outbreak in the Netherlands using Nextstrain		
33970062-1	2017-08-16	Aedes albopictus	adult 	field	europe	netherlands	limburg	weert	NL introdution		1A	genbank	genome	Ibanez et al. 2021	https://www.ncbi.nlm.nih.gov/nuccore/MZ374237	Tracking Asian tiger mosquito outbreak in the Netherlands using Nextstrain		
33781173-1b	2017-08-23	Aedes albopictus	adult 	field	europe	netherlands	limburg	weert	NL introdution		1B	genbank	genome	Ibanez et al. 2021	https://www.ncbi.nlm.nih.gov/nuccore/MZ374238	Tracking Asian tiger mosquito outbreak in the Netherlands using Nextstrain		
33781173-2	2017-08-23	Aedes albopictus	adult 	field	europe	netherlands	limburg	weert	NL introdution		1B	genbank	genome	Ibanez et al. 2021	https://www.ncbi.nlm.nih.gov/nuccore/MZ374239	Tracking Asian tiger mosquito outbreak in the Netherlands using Nextstrain		
33632161-1	2017-09-06	Aedes albopictus	adult 	field	europe	netherlands	limburg	weert	NL introdution		1B	genbank	genome	Ibanez et al. 2021	https://www.ncbi.nlm.nih.gov/nuccore/MZ374240	Tracking Asian tiger mosquito outbreak in the Netherlands using Nextstrain		
33783152-1	2017-09-06	Aedes albopictus	adult 	field	europe	netherlands	limburg	weert	NL introdution		1B	genbank	genome	Ibanez et al. 2021	https://www.ncbi.nlm.nih.gov/nuccore/MZ374241	Tracking Asian tiger mosquito outbreak in the Netherlands using Nextstrain		
6556704-1	2016-08-31	Aedes albopictus	adult 	field	europe	netherlands	limburg	weert	NL introdution		1B	genbank	genome	Ibanez et al. 2021	https://www.ncbi.nlm.nih.gov/nuccore/MZ374242	Tracking Asian tiger mosquito outbreak in the Netherlands using Nextstrain		
6360779-1	2016-09-14	Aedes albopictus	adult 	field	europe	netherlands	limburg	weert	NL introdution		1B	genbank	genome	Ibanez et al. 2021	https://www.ncbi.nlm.nih.gov/nuccore/MZ374243	Tracking Asian tiger mosquito outbreak in the Netherlands using Nextstrain		
33628558-1	2018-07-10	Aedes albopictus	adult 	field	europe	netherlands	limburg	weert	NL introdution		1B	genbank	genome	Ibanez et al. 2021	https://www.ncbi.nlm.nih.gov/nuccore/MZ374244	Tracking Asian tiger mosquito outbreak in the Netherlands using Nextstrain		
33628566-1	2018-07-10	Aedes albopictus	adult 	field	europe	netherlands	limburg	weert	NL introdution		1B	genbank	genome	Ibanez et al. 2021	https://www.ncbi.nlm.nih.gov/nuccore/MZ374245	Tracking Asian tiger mosquito outbreak in the Netherlands using Nextstrain		
36374493-1	2018-07-31	Aedes albopictus	adult 	field	europe	netherlands	limburg	weert	NL introdution		1B	genbank	genome	Ibanez et al. 2021	https://www.ncbi.nlm.nih.gov/nuccore/MZ374246	Tracking Asian tiger mosquito outbreak in the Netherlands using Nextstrain		
6410932-3	2016-09-14	Aedes albopictus	adult 	field	europe	italy	emilia_romagna	copparo	Ref panel		1B	genbank	genome	Ibanez et al. 2021	https://www.ncbi.nlm.nih.gov/nuccore/MZ374247	Tracking Asian tiger mosquito outbreak in the Netherlands using Nextstrain		
6410932-4b	2016-09-14	Aedes albopictus	adult 	field	europe	italy	emilia_romagna	copparo	Ref panel		1B	genbank	genome	Ibanez et al. 2021	https://www.ncbi.nlm.nih.gov/nuccore/MZ374248	Tracking Asian tiger mosquito outbreak in the Netherlands using Nextstrain		
6410932-5	2016-09-14	Aedes albopictus	adult 	field	europe	italy	emilia_romagna	copparo	Ref panel		1B	genbank	genome	Ibanez et al. 2021	https://www.ncbi.nlm.nih.gov/nuccore/MZ374249	Tracking Asian tiger mosquito outbreak in the Netherlands using Nextstrain		
6410940-1	2016-08-31	Aedes albopictus	adult 	field	europe	italy	ravenna	ravenna	Ref panel		1A	genbank	genome	Ibanez et al. 2021	https://www.ncbi.nlm.nih.gov/nuccore/MZ374250	Tracking Asian tiger mosquito outbreak in the Netherlands using Nextstrain		
6410940-2	2016-08-31	Aedes albopictus	adult 	field	europe	italy	ravenna	ravenna	Ref panel		1A	genbank	genome	Ibanez et al. 2021	https://www.ncbi.nlm.nih.gov/nuccore/MZ374251	Tracking Asian tiger mosquito outbreak in the Netherlands using Nextstrain		
6410940-3	2016-08-31	Aedes albopictus	adult 	field	europe	italy	ravenna	ravenna	Ref panel		1A	genbank	genome	Ibanez et al. 2021	https://www.ncbi.nlm.nih.gov/nuccore/MZ374252	Tracking Asian tiger mosquito outbreak in the Netherlands using Nextstrain		
6199428-1	2016-07-01	Aedes albopictus	adult 	field	asia	china	guangdong	guangzhou	Ref panel		1A	genbank	genome	Ibanez et al. 2021	https://www.ncbi.nlm.nih.gov/nuccore/MZ374253	Tracking Asian tiger mosquito outbreak in the Netherlands using Nextstrain		
6199428-4	2016-07-01	Aedes albopictus	adult 	field	asia	china	guangdong	guangzhou	Ref panel		1A	genbank	genome	Ibanez et al. 2021	https://www.ncbi.nlm.nih.gov/nuccore/MZ374254	Tracking Asian tiger mosquito outbreak in the Netherlands using Nextstrain		
6199428-5	2016-07-01	Aedes albopictus	adult 	field	asia	china	guangdong	guangzhou	Ref panel		1A	genbank	genome	Ibanez et al. 2021	https://www.ncbi.nlm.nih.gov/nuccore/MZ374255	Tracking Asian tiger mosquito outbreak in the Netherlands using Nextstrain		
6199428-6	2016-07-01	Aedes albopictus	adult 	field	asia	china	guangdong	guangzhou	Ref panel		1A	genbank	genome	Ibanez et al. 2021	https://www.ncbi.nlm.nih.gov/nuccore/MZ374256	Tracking Asian tiger mosquito outbreak in the Netherlands using Nextstrain		
6199428-7	2016-07-01	Aedes albopictus	adult 	field	asia	china	guangdong	guangzhou	Ref panel		1A	genbank	genome	Ibanez et al. 2021	https://www.ncbi.nlm.nih.gov/nuccore/MZ374257	Tracking Asian tiger mosquito outbreak in the Netherlands using Nextstrain		
6199428-8	2016-07-01	Aedes albopictus	adult 	field	asia	china	guangdong	guangzhou	Ref panel		1A	genbank	genome	Ibanez et al. 2021	https://www.ncbi.nlm.nih.gov/nuccore/MZ374258	Tracking Asian tiger mosquito outbreak in the Netherlands using Nextstrain		
6199428-9	2016-07-01	Aedes albopictus	adult 	field	asia	china	guangdong	guangzhou	Ref panel		1A	genbank	genome	Ibanez et al. 2021	https://www.ncbi.nlm.nih.gov/nuccore/MZ374259	Tracking Asian tiger mosquito outbreak in the Netherlands using Nextstrain		
6199428-10	2016-07-01	Aedes albopictus	adult 	field	asia	china	guangdong	guangzhou	Ref panel		1A	genbank	genome	Ibanez et al. 2021	https://www.ncbi.nlm.nih.gov/nuccore/MZ374260	Tracking Asian tiger mosquito outbreak in the Netherlands using Nextstrain		
32641777-1	2018-08-03	Aedes albopictus	adult 	field	europe	netherlands	gelderland	arnhem	NL introdution		1B	genbank	genome	Ibanez et al. 2021	https://www.ncbi.nlm.nih.gov/nuccore/MZ374261	Tracking Asian tiger mosquito outbreak in the Netherlands using Nextstrain		
36256673-1	2018-09-18	Aedes albopictus	adult 	field	europe	netherlands	noord-brabant	eindhoven	NL introdution		1B	genbank	genome	Ibanez et al. 2021	https://www.ncbi.nlm.nih.gov/nuccore/MZ374262	Tracking Asian tiger mosquito outbreak in the Netherlands using Nextstrain		
34140298-1	2018-07-24	Aedes albopictus	adult 	field	europe	netherlands	noord-holland	haarlemmermeer	PoE airport		1A	genbank	genome	Ibanez et al. 2021	https://www.ncbi.nlm.nih.gov/nuccore/MZ374263	Tracking Asian tiger mosquito outbreak in the Netherlands using Nextstrain		
38549058-1	2018-05-30	Aedes albopictus	adult 	field	europe	netherlands	noord-holland	haarlemmermeer	PoE airport		1A	genbank	genome	Ibanez et al. 2021	https://www.ncbi.nlm.nih.gov/nuccore/MZ374264	Tracking Asian tiger mosquito outbreak in the Netherlands using Nextstrain		
36351461-1	2018-08-13	Aedes albopictus	adult 	field	europe	netherlands	noord-holland	haarlemmermeer	PoE airport		1A	genbank	genome	Ibanez et al. 2021	https://www.ncbi.nlm.nih.gov/nuccore/MZ374265	Tracking Asian tiger mosquito outbreak in the Netherlands using Nextstrain		
38764778-1	2018-10-02	Aedes albopictus	adult 	field	europe	netherlands	zuid-holland	naaldwijk	PoE auction		1A	genbank	genome	Ibanez et al. 2021	https://www.ncbi.nlm.nih.gov/nuccore/MZ374266	Tracking Asian tiger mosquito outbreak in the Netherlands using Nextstrain		
32653681-1	2018-08-27	Aedes albopictus	adult 	field	europe	netherlands	gelderland	westervoort	NL introdution		1A	genbank	genome	Ibanez et al. 2021	https://www.ncbi.nlm.nih.gov/nuccore/MZ374267	Tracking Asian tiger mosquito outbreak in the Netherlands using Nextstrain		
33631255-1	2018-09-06	Aedes albopictus	adult 	field	europe	netherlands	gelderland	westervoort	NL introdution		1A	genbank	genome	Ibanez et al. 2021	https://www.ncbi.nlm.nih.gov/nuccore/MZ374268	Tracking Asian tiger mosquito outbreak in the Netherlands using Nextstrain		
36213851-1	2018-09-13	Aedes albopictus	adult 	field	europe	netherlands	gelderland	westervoort	NL introdution		1A	genbank	genome	Ibanez et al. 2021	https://www.ncbi.nlm.nih.gov/nuccore/MZ374269	Tracking Asian tiger mosquito outbreak in the Netherlands using Nextstrain		
32772267-1	2019-09-17	Aedes albopictus	adult 	field	europe	netherlands	zuid-holland	alblasserdam	NL introdution		1A	genbank	genome	Ibanez et al. 2021	https://www.ncbi.nlm.nih.gov/nuccore/MZ374270	Tracking Asian tiger mosquito outbreak in the Netherlands using Nextstrain		
36252023-1	2019-09-05	Aedes albopictus	adult 	field	europe	netherlands	zuid-holland	alblasserdam	NL introdution		1B	genbank	genome	Ibanez et al. 2021	https://www.ncbi.nlm.nih.gov/nuccore/MZ374271	Tracking Asian tiger mosquito outbreak in the Netherlands using Nextstrain		
33262391-1	2019-09-26	Aedes albopictus	larva	field	europe	netherlands	zuid-holland	alblasserdam	NL introdution		1B	genbank	genome	Ibanez et al. 2021	https://www.ncbi.nlm.nih.gov/nuccore/MZ374272	Tracking Asian tiger mosquito outbreak in the Netherlands using Nextstrain		
33262391-2	2019-09-26	Aedes albopictus	larva	field	europe	netherlands	zuid-holland	alblasserdam	NL introdution		1B	genbank	genome	Ibanez et al. 2021	https://www.ncbi.nlm.nih.gov/nuccore/MZ374273	Tracking Asian tiger mosquito outbreak in the Netherlands using Nextstrain		
33262391-3	2019-09-26	Aedes albopictus	larva	field	europe	netherlands	zuid-holland	alblasserdam	NL introdution		1B	genbank	genome	Ibanez et al. 2021	https://www.ncbi.nlm.nih.gov/nuccore/MZ374274	Tracking Asian tiger mosquito outbreak in the Netherlands using Nextstrain		
33262391-4	2019-09-26	Aedes albopictus	larva	field	europe	netherlands	zuid-holland	alblasserdam	NL introdution		1B	genbank	genome	Ibanez et al. 2021	https://www.ncbi.nlm.nih.gov/nuccore/MZ374275	Tracking Asian tiger mosquito outbreak in the Netherlands using Nextstrain		
36726137-1	2019-09-26	Aedes albopictus	larva	field	europe	netherlands	zuid-holland	alblasserdam	NL introdution		1B	genbank	genome	Ibanez et al. 2021	https://www.ncbi.nlm.nih.gov/nuccore/MZ374276	Tracking Asian tiger mosquito outbreak in the Netherlands using Nextstrain		
36726137-2	2019-09-26	Aedes albopictus	larva	field	europe	netherlands	zuid-holland	alblasserdam	NL introdution		1B	genbank	genome	Ibanez et al. 2021	https://www.ncbi.nlm.nih.gov/nuccore/MZ374277	Tracking Asian tiger mosquito outbreak in the Netherlands using Nextstrain		
36726137-3	2019-09-26	Aedes albopictus	larva	field	europe	netherlands	zuid-holland	alblasserdam	NL introdution		1B	genbank	genome	Ibanez et al. 2021	https://www.ncbi.nlm.nih.gov/nuccore/MZ374278	Tracking Asian tiger mosquito outbreak in the Netherlands using Nextstrain		
36726137-4	2019-09-26	Aedes albopictus	larva	field	europe	netherlands	zuid-holland	alblasserdam	NL introdution		1B	genbank	genome	Ibanez et al. 2021	https://www.ncbi.nlm.nih.gov/nuccore/MZ374279	Tracking Asian tiger mosquito outbreak in the Netherlands using Nextstrain		
36952687-1	2019-09-26	Aedes albopictus	larva	field	europe	netherlands	zuid-holland	alblasserdam	NL introdution		1C	genbank	genome	Ibanez et al. 2021	https://www.ncbi.nlm.nih.gov/nuccore/MZ374280	Tracking Asian tiger mosquito outbreak in the Netherlands using Nextstrain		
36952687-2	2019-09-26	Aedes albopictus	larva	field	europe	netherlands	zuid-holland	alblasserdam	NL introdution		1A	genbank	genome	Ibanez et al. 2021	https://www.ncbi.nlm.nih.gov/nuccore/MZ374281	Tracking Asian tiger mosquito outbreak in the Netherlands using Nextstrain		
36952687-3	2019-09-26	Aedes albopictus	larva	field	europe	netherlands	zuid-holland	alblasserdam	NL introdution		1C	genbank	genome	Ibanez et al. 2021	https://www.ncbi.nlm.nih.gov/nuccore/MZ374282	Tracking Asian tiger mosquito outbreak in the Netherlands using Nextstrain		
36952687-4	2019-09-26	Aedes albopictus	larva	field	europe	netherlands	zuid-holland	alblasserdam	NL introdution		1C	genbank	genome	Ibanez et al. 2021	https://www.ncbi.nlm.nih.gov/nuccore/MZ374283	Tracking Asian tiger mosquito outbreak in the Netherlands using Nextstrain		
36954543-2	2019-09-26	Aedes albopictus	larva	field	europe	netherlands	zuid-holland	alblasserdam	NL introdution		1C	genbank	genome	Ibanez et al. 2021	https://www.ncbi.nlm.nih.gov/nuccore/MZ374284	Tracking Asian tiger mosquito outbreak in the Netherlands using Nextstrain		
36954543-3	2019-09-26	Aedes albopictus	larva	field	europe	netherlands	zuid-holland	alblasserdam	NL introdution		1A	genbank	genome	Ibanez et al. 2021	https://www.ncbi.nlm.nih.gov/nuccore/MZ374285	Tracking Asian tiger mosquito outbreak in the Netherlands using Nextstrain		
36954543-4	2019-09-26	Aedes albopictus	larva	field	europe	netherlands	zuid-holland	alblasserdam	NL introdution		1A	genbank	genome	Ibanez et al. 2021	https://www.ncbi.nlm.nih.gov/nuccore/MZ374286	Tracking Asian tiger mosquito outbreak in the Netherlands using Nextstrain		
36954551-1	2019-09-26	Aedes albopictus	larva	field	europe	netherlands	zuid-holland	alblasserdam	NL introdution		1A	genbank	genome	Ibanez et al. 2021	https://www.ncbi.nlm.nih.gov/nuccore/MZ374287	Tracking Asian tiger mosquito outbreak in the Netherlands using Nextstrain		
36954551-2	2019-09-26	Aedes albopictus	larva	field	europe	netherlands	zuid-holland	alblasserdam	NL introdution		1C	genbank	genome	Ibanez et al. 2021	https://www.ncbi.nlm.nih.gov/nuccore/MZ374288	Tracking Asian tiger mosquito outbreak in the Netherlands using Nextstrain		
38879989-1	2019-09-13	Aedes albopictus	adult 	field	europe	netherlands	drenthe	hoogeveen	NL introdution		1C	genbank	genome	Ibanez et al. 2021	https://www.ncbi.nlm.nih.gov/nuccore/MZ374289	Tracking Asian tiger mosquito outbreak in the Netherlands using Nextstrain		
39785909-1	2019-09-25	Aedes albopictus	adult 	field	europe	netherlands	drenthe	hoogeveen	NL introdution		1C	genbank	genome	Ibanez et al. 2021	https://www.ncbi.nlm.nih.gov/nuccore/MZ374290	Tracking Asian tiger mosquito outbreak in the Netherlands using Nextstrain		
39785909-2	2019-09-25	Aedes albopictus	adult 	field	europe	netherlands	drenthe	hoogeveen	NL introdution		1A	genbank	genome	Ibanez et al. 2021	https://www.ncbi.nlm.nih.gov/nuccore/MZ374291	Tracking Asian tiger mosquito outbreak in the Netherlands using Nextstrain		
33273793-1	2019-07-12	Aedes albopictus	adult 	field	europe	netherlands	noord-brabant	neerkant	NL introdution		1C	genbank	genome	Ibanez et al. 2021	https://www.ncbi.nlm.nih.gov/nuccore/MZ374292	Tracking Asian tiger mosquito outbreak in the Netherlands using Nextstrain		
36882682-1	2019-08-08	Aedes albopictus	adult 	field	europe	netherlands	noord-brabant	neerkant	NL introdution		1C	genbank	genome	Ibanez et al. 2021	https://www.ncbi.nlm.nih.gov/nuccore/MZ374293	Tracking Asian tiger mosquito outbreak in the Netherlands using Nextstrain		
39427791-1	2019-09-11	Aedes albopictus	adult 	field	europe	netherlands	noord-brabant	neerkant	NL introdution		1C	genbank	genome	Ibanez et al. 2021	https://www.ncbi.nlm.nih.gov/nuccore/MZ374294	Tracking Asian tiger mosquito outbreak in the Netherlands using Nextstrain		
36299067-1	2019-07-11	Aedes albopictus	adult 	field	europe	netherlands	noord-holland	haarlemmermeer	PoE airport		1C	genbank	genome	Ibanez et al. 2021	https://www.ncbi.nlm.nih.gov/nuccore/MZ374295	Tracking Asian tiger mosquito outbreak in the Netherlands using Nextstrain		
39616160-1	2019-08-05	Aedes albopictus	adult 	field	europe	netherlands	noord-holland	uithoorn	NL introdution		1A	genbank	genome	Ibanez et al. 2021	https://www.ncbi.nlm.nih.gov/nuccore/MZ374296	Tracking Asian tiger mosquito outbreak in the Netherlands using Nextstrain		
39975593-1	2019-08-26	Aedes albopictus	adult 	field	europe	netherlands	noord-holland	uithoorn	NL introdution		1A	genbank	genome	Ibanez et al. 2021	https://www.ncbi.nlm.nih.gov/nuccore/MZ374297	Tracking Asian tiger mosquito outbreak in the Netherlands using Nextstrain		
39948325-1	2019-09-10	Aedes albopictus	adult 	field	europe	netherlands	noord-holland	uithoorn	NL introdution		1A	genbank	genome	Ibanez et al. 2021	https://www.ncbi.nlm.nih.gov/nuccore/MZ374298	Tracking Asian tiger mosquito outbreak in the Netherlands using Nextstrain		
38585649-1	2019-08-14	Aedes albopictus	larva	field	europe	netherlands	noord-holland	uithoorn	NL introdution		1A	genbank	genome	Ibanez et al. 2021	https://www.ncbi.nlm.nih.gov/nuccore/MZ374299	Tracking Asian tiger mosquito outbreak in the Netherlands using Nextstrain		
40026536-1	2019-08-14	Aedes albopictus	larva	field	europe	netherlands	noord-holland	uithoorn	NL introdution		1A	genbank	genome	Ibanez et al. 2021	https://www.ncbi.nlm.nih.gov/nuccore/MZ374300	Tracking Asian tiger mosquito outbreak in the Netherlands using Nextstrain		
40026536-2	2019-08-14	Aedes albopictus	larva	field	europe	netherlands	noord-holland	uithoorn	NL introdution		1A	genbank	genome	Ibanez et al. 2021	https://www.ncbi.nlm.nih.gov/nuccore/MZ374301	Tracking Asian tiger mosquito outbreak in the Netherlands using Nextstrain		
40026536-4	2019-08-14	Aedes albopictus	larva	field	europe	netherlands	noord-holland	uithoorn	NL introdution		1A	genbank	genome	Ibanez et al. 2021	https://www.ncbi.nlm.nih.gov/nuccore/MZ374302	Tracking Asian tiger mosquito outbreak in the Netherlands using Nextstrain		
40026536-5	2019-08-14	Aedes albopictus	larva	field	europe	netherlands	noord-holland	uithoorn	NL introdution		1A	genbank	genome	Ibanez et al. 2021	https://www.ncbi.nlm.nih.gov/nuccore/MZ374303	Tracking Asian tiger mosquito outbreak in the Netherlands using Nextstrain		
40026408-1	2019-09-04	Aedes albopictus	larva	field	europe	netherlands	noord-holland	uithoorn	NL introdution		1A	genbank	genome	Ibanez et al. 2021	https://www.ncbi.nlm.nih.gov/nuccore/MZ374304	Tracking Asian tiger mosquito outbreak in the Netherlands using Nextstrain		
40026408-2	2019-09-04	Aedes albopictus	larva	field	europe	netherlands	noord-holland	uithoorn	NL introdution		1A	genbank	genome	Ibanez et al. 2021	https://www.ncbi.nlm.nih.gov/nuccore/MZ374305	Tracking Asian tiger mosquito outbreak in the Netherlands using Nextstrain		
40026408-3	2019-09-04	Aedes albopictus	larva	field	europe	netherlands	noord-holland	uithoorn	NL introdution		1A	genbank	genome	Ibanez et al. 2021	https://www.ncbi.nlm.nih.gov/nuccore/MZ374306	Tracking Asian tiger mosquito outbreak in the Netherlands using Nextstrain		
40026408-4	2019-09-04	Aedes albopictus	larva	field	europe	netherlands	noord-holland	uithoorn	NL introdution		1A	genbank	genome	Ibanez et al. 2021	https://www.ncbi.nlm.nih.gov/nuccore/MZ374307	Tracking Asian tiger mosquito outbreak in the Netherlands using Nextstrain		
40026408-5	2019-09-04	Aedes albopictus	larva	field	europe	netherlands	noord-holland	uithoorn	NL introdution		1A	genbank	genome	Ibanez et al. 2021	https://www.ncbi.nlm.nih.gov/nuccore/MZ374308	Tracking Asian tiger mosquito outbreak in the Netherlands using Nextstrain		
40026416-1	2019-09-03	Aedes albopictus	larva	field	europe	netherlands	noord-holland	uithoorn	NL introdution		1A	genbank	genome	Ibanez et al. 2021	https://www.ncbi.nlm.nih.gov/nuccore/MZ374309	Tracking Asian tiger mosquito outbreak in the Netherlands using Nextstrain		
40026416-2	2019-09-03	Aedes albopictus	larva	field	europe	netherlands	noord-holland	uithoorn	NL introdution		1A	genbank	genome	Ibanez et al. 2021	https://www.ncbi.nlm.nih.gov/nuccore/MZ374310	Tracking Asian tiger mosquito outbreak in the Netherlands using Nextstrain		
40026416-3	2019-09-03	Aedes albopictus	larva	field	europe	netherlands	noord-holland	uithoorn	NL introdution		1A	genbank	genome	Ibanez et al. 2021	https://www.ncbi.nlm.nih.gov/nuccore/MZ374311	Tracking Asian tiger mosquito outbreak in the Netherlands using Nextstrain		
40026416-4	2019-09-03	Aedes albopictus	larva	field	europe	netherlands	noord-holland	uithoorn	NL introdution		1A	genbank	genome	Ibanez et al. 2021	https://www.ncbi.nlm.nih.gov/nuccore/MZ374312	Tracking Asian tiger mosquito outbreak in the Netherlands using Nextstrain		
40026416-5	2019-09-03	Aedes albopictus	larva	field	europe	netherlands	noord-holland	uithoorn	NL introdution		1A	genbank	genome	Ibanez et al. 2021	https://www.ncbi.nlm.nih.gov/nuccore/MZ374313	Tracking Asian tiger mosquito outbreak in the Netherlands using Nextstrain		
40026416-6	2019-09-03	Aedes albopictus	larva	field	europe	netherlands	noord-holland	uithoorn	NL introdution		1A	genbank	genome	Ibanez et al. 2021	https://www.ncbi.nlm.nih.gov/nuccore/MZ374314	Tracking Asian tiger mosquito outbreak in the Netherlands using Nextstrain		
39583995-1	2019-08-05	Aedes albopictus	adult 	field	europe	netherlands	zuid-holland	naaldwijk	PoE auction		1A	genbank	genome	Ibanez et al. 2021	https://www.ncbi.nlm.nih.gov/nuccore/MZ374315	Tracking Asian tiger mosquito outbreak in the Netherlands using Nextstrain		
36217869-1	2019-10-16	Aedes albopictus	adult 	field	europe	netherlands	limburg	valkenburg	NL introdution		1A	genbank	genome	Ibanez et al. 2021	https://www.ncbi.nlm.nih.gov/nuccore/MZ374316	Tracking Asian tiger mosquito outbreak in the Netherlands using Nextstrain		
36293351-1	2019-10-22	Aedes albopictus	adult 	field	europe	netherlands	limburg	valkenburg	NL introdution		1B	genbank	genome	Ibanez et al. 2021	https://www.ncbi.nlm.nih.gov/nuccore/MZ374317	Tracking Asian tiger mosquito outbreak in the Netherlands using Nextstrain		
36723083-1	2019-10-25	Aedes albopictus	adult 	field	europe	netherlands	limburg	valkenburg	NL introdution		1A	genbank	genome	Ibanez et al. 2021	https://www.ncbi.nlm.nih.gov/nuccore/MZ374318	Tracking Asian tiger mosquito outbreak in the Netherlands using Nextstrain		
38884593-1	2019-10-16	Aedes albopictus	adult 	field	europe	netherlands	limburg	valkenburg	NL introdution		1A	genbank	genome	Ibanez et al. 2021	https://www.ncbi.nlm.nih.gov/nuccore/MZ374319	Tracking Asian tiger mosquito outbreak in the Netherlands using Nextstrain		
38884606-1	2019-10-16	Aedes albopictus	adult 	field	europe	netherlands	limburg	valkenburg	NL introdution		1A	genbank	genome	Ibanez et al. 2021	https://www.ncbi.nlm.nih.gov/nuccore/MZ374320	Tracking Asian tiger mosquito outbreak in the Netherlands using Nextstrain		
32520617-1	2019-09-25	Aedes albopictus	adult 	field	europe	netherlands	limburg	valkenburg	NL introdution		1A	genbank	genome	Ibanez et al. 2021	https://www.ncbi.nlm.nih.gov/nuccore/MZ374321	Tracking Asian tiger mosquito outbreak in the Netherlands using Nextstrain		
38884681-1	2019-10-16	Aedes albopictus	adult 	field	europe	netherlands	limburg	valkenburg	NL introdution		1A	genbank	genome	Ibanez et al. 2021	https://www.ncbi.nlm.nih.gov/nuccore/MZ374322	Tracking Asian tiger mosquito outbreak in the Netherlands using Nextstrain		
38884681-2	2019-10-16	Aedes albopictus	adult 	field	europe	netherlands	limburg	valkenburg	NL introdution		1A	genbank	genome	Ibanez et al. 2021	https://www.ncbi.nlm.nih.gov/nuccore/MZ374323	Tracking Asian tiger mosquito outbreak in the Netherlands using Nextstrain		
40342179-1	2019-10-30	Aedes albopictus	adult 	field	europe	netherlands	limburg	valkenburg	NL introdution		1A	genbank	genome	Ibanez et al. 2021	https://www.ncbi.nlm.nih.gov/nuccore/MZ374324	Tracking Asian tiger mosquito outbreak in the Netherlands using Nextstrain		
33510816-1	2020-06-29	Aedes albopictus	adult 	field	europe	netherlands	limburg	valkenburg	NL introdution		1A	genbank	genome	Ibanez et al. 2021	https://www.ncbi.nlm.nih.gov/nuccore/MZ374325	Tracking Asian tiger mosquito outbreak in the Netherlands using Nextstrain		
40220489-1	2020-06-23	Aedes albopictus	adult 	field	europe	netherlands	limburg	valkenburg	NL introdution		1B	genbank	genome	Ibanez et al. 2021	https://www.ncbi.nlm.nih.gov/nuccore/MZ374326	Tracking Asian tiger mosquito outbreak in the Netherlands using Nextstrain		
40220518-1	2020-06-23	Aedes albopictus	adult 	field	europe	netherlands	limburg	valkenburg	NL introdution		1A	genbank	genome	Ibanez et al. 2021	https://www.ncbi.nlm.nih.gov/nuccore/MZ374327	Tracking Asian tiger mosquito outbreak in the Netherlands using Nextstrain		
40224991-1	2020-06-16	Aedes albopictus	adult 	field	europe	netherlands	limburg	valkenburg	NL introdution		1A	genbank	genome	Ibanez et al. 2021	https://www.ncbi.nlm.nih.gov/nuccore/MZ374328	Tracking Asian tiger mosquito outbreak in the Netherlands using Nextstrain		
40217546-1	2020-07-28	Aedes albopictus	adult 	field	europe	netherlands	limburg	valkenburg	NL introdution		1A	genbank	genome	Ibanez et al. 2021	https://www.ncbi.nlm.nih.gov/nuccore/MZ374329	Tracking Asian tiger mosquito outbreak in the Netherlands using Nextstrain		
40390711-1	2020-09-22	Aedes albopictus	adult 	field	europe	netherlands	limburg	valkenburg	NL introdution		1A	genbank	genome	Ibanez et al. 2021	https://www.ncbi.nlm.nih.gov/nuccore/MZ374330	Tracking Asian tiger mosquito outbreak in the Netherlands using Nextstrain		
40390349-1	2020-09-01	Aedes albopictus	adult 	field	europe	netherlands	limburg	valkenburg	NL introdution		1A	genbank	genome	Ibanez et al. 2021	https://www.ncbi.nlm.nih.gov/nuccore/MZ374331	Tracking Asian tiger mosquito outbreak in the Netherlands using Nextstrain		
40389761-1	2020-08-25	Aedes albopictus	adult 	field	europe	netherlands	limburg	valkenburg	NL introdution		1A	genbank	genome	Ibanez et al. 2021	https://www.ncbi.nlm.nih.gov/nuccore/MZ374332	Tracking Asian tiger mosquito outbreak in the Netherlands using Nextstrain		
40217951-1	2020-08-18	Aedes albopictus	adult 	field	europe	netherlands	limburg	valkenburg	NL introdution		1A	genbank	genome	Ibanez et al. 2021	https://www.ncbi.nlm.nih.gov/nuccore/MZ374333	Tracking Asian tiger mosquito outbreak in the Netherlands using Nextstrain		
41370219-1	2020-09-17	Aedes albopictus	adult 	field	europe	netherlands	limburg	sittard	NL introdution		1A	genbank	genome	Ibanez et al. 2021	https://www.ncbi.nlm.nih.gov/nuccore/MZ374334	Tracking Asian tiger mosquito outbreak in the Netherlands using Nextstrain		
41370200-1	2020-09-23	Aedes albopictus	adult 	field	europe	netherlands	limburg	sittard	NL introdution		1B	genbank	genome	Ibanez et al. 2021	https://www.ncbi.nlm.nih.gov/nuccore/MZ374335	Tracking Asian tiger mosquito outbreak in the Netherlands using Nextstrain		
41367634-1	2020-09-23	Aedes albopictus	adult 	field	europe	netherlands	limburg	sittard	NL introdution		1A	genbank	genome	Ibanez et al. 2021	https://www.ncbi.nlm.nih.gov/nuccore/MZ374336	Tracking Asian tiger mosquito outbreak in the Netherlands using Nextstrain		
36572289-1	2020-09-21	Aedes albopictus	larva	field	europe	netherlands	limburg	sittard	NL introdution		1B	genbank	genome	Ibanez et al. 2021	https://www.ncbi.nlm.nih.gov/nuccore/MZ374337	Tracking Asian tiger mosquito outbreak in the Netherlands using Nextstrain		
36572289-2	2020-09-21	Aedes albopictus	larva	field	europe	netherlands	limburg	sittard	NL introdution		1B	genbank	genome	Ibanez et al. 2021	https://www.ncbi.nlm.nih.gov/nuccore/MZ374338	Tracking Asian tiger mosquito outbreak in the Netherlands using Nextstrain		
36572289-3	2020-09-21	Aedes albopictus	larva	field	europe	netherlands	limburg	sittard	NL introdution		1A	genbank	genome	Ibanez et al. 2021	https://www.ncbi.nlm.nih.gov/nuccore/MZ374339	Tracking Asian tiger mosquito outbreak in the Netherlands using Nextstrain		
36572289-4	2020-09-21	Aedes albopictus	larva	field	europe	netherlands	limburg	sittard	NL introdution		1B	genbank	genome	Ibanez et al. 2021	https://www.ncbi.nlm.nih.gov/nuccore/MZ374340	Tracking Asian tiger mosquito outbreak in the Netherlands using Nextstrain		
36573214-1	2020-09-28	Aedes albopictus	larva	field	europe	netherlands	limburg	sittard	NL introdution		1B	genbank	genome	Ibanez et al. 2021	https://www.ncbi.nlm.nih.gov/nuccore/MZ374341	Tracking Asian tiger mosquito outbreak in the Netherlands using Nextstrain		
36573214-2	2020-09-28	Aedes albopictus	larva	field	europe	netherlands	limburg	sittard	NL introdution		1B	genbank	genome	Ibanez et al. 2021	https://www.ncbi.nlm.nih.gov/nuccore/MZ374342	Tracking Asian tiger mosquito outbreak in the Netherlands using Nextstrain		
36573214-3	2020-09-28	Aedes albopictus	larva	field	europe	netherlands	limburg	sittard	NL introdution		1B	genbank	genome	Ibanez et al. 2021	https://www.ncbi.nlm.nih.gov/nuccore/MZ374343	Tracking Asian tiger mosquito outbreak in the Netherlands using Nextstrain		
36573214-4	2020-09-28	Aedes albopictus	larva	field	europe	netherlands	limburg	sittard	NL introdution		1B	genbank	genome	Ibanez et al. 2021	https://www.ncbi.nlm.nih.gov/nuccore/MZ374344	Tracking Asian tiger mosquito outbreak in the Netherlands using Nextstrain		
33100884-1	2020-10-14	Aedes albopictus	larva	field	europe	netherlands	limburg	sittard	NL introdution		1B	genbank	genome	Ibanez et al. 2021	https://www.ncbi.nlm.nih.gov/nuccore/MZ374345	Tracking Asian tiger mosquito outbreak in the Netherlands using Nextstrain		
33100884-2	2020-10-14	Aedes albopictus	larva	field	europe	netherlands	limburg	sittard	NL introdution		1B	genbank	genome	Ibanez et al. 2021	https://www.ncbi.nlm.nih.gov/nuccore/MZ374346	Tracking Asian tiger mosquito outbreak in the Netherlands using Nextstrain		
33100884-3	2020-10-14	Aedes albopictus	larva	field	europe	netherlands	limburg	sittard	NL introdution		1B	genbank	genome	Ibanez et al. 2021	https://www.ncbi.nlm.nih.gov/nuccore/MZ374347	Tracking Asian tiger mosquito outbreak in the Netherlands using Nextstrain		
33100884-4	2020-10-14	Aedes albopictus	larva	field	europe	netherlands	limburg	sittard	NL introdution		1B	genbank	genome	Ibanez et al. 2021	https://www.ncbi.nlm.nih.gov/nuccore/MZ374348	Tracking Asian tiger mosquito outbreak in the Netherlands using Nextstrain		
33100884-5	2020-10-14	Aedes albopictus	larva	field	europe	netherlands	limburg	sittard	NL introdution		1B	genbank	genome	Ibanez et al. 2021	https://www.ncbi.nlm.nih.gov/nuccore/MZ374349	Tracking Asian tiger mosquito outbreak in the Netherlands using Nextstrain		
36543445-1	2020-10-12	Aedes albopictus	larva	field	europe	netherlands	limburg	sittard	NL introdution		1B	genbank	genome	Ibanez et al. 2021	https://www.ncbi.nlm.nih.gov/nuccore/MZ374350	Tracking Asian tiger mosquito outbreak in the Netherlands using Nextstrain		
36543445-2	2020-10-12	Aedes albopictus	larva	field	europe	netherlands	limburg	sittard	NL introdution		1B	genbank	genome	Ibanez et al. 2021	https://www.ncbi.nlm.nih.gov/nuccore/MZ374351	Tracking Asian tiger mosquito outbreak in the Netherlands using Nextstrain		
32676101-1	2020-10-06	Aedes albopictus	larva	field	europe	netherlands	limburg	sittard	NL introdution		1A	genbank	genome	Ibanez et al. 2021	https://www.ncbi.nlm.nih.gov/nuccore/MZ374352	Tracking Asian tiger mosquito outbreak in the Netherlands using Nextstrain		
32676101-2	2020-10-06	Aedes albopictus	larva	field	europe	netherlands	limburg	sittard	NL introdution		1A	genbank	genome	Ibanez et al. 2021	https://www.ncbi.nlm.nih.gov/nuccore/MZ374353	Tracking Asian tiger mosquito outbreak in the Netherlands using Nextstrain		
36489303-2	2020-08-20	Aedes albopictus	egg	field	europe	netherlands	noord-brabant	breda	PoE Highway		1B	genbank	genome	Ibanez et al. 2021	https://www.ncbi.nlm.nih.gov/nuccore/MZ374354	Tracking Asian tiger mosquito outbreak in the Netherlands using Nextstrain		
36489303-3	2020-08-20	Aedes albopictus	egg	field	europe	netherlands	noord-brabant	breda	PoE Highway		1B	genbank	genome	Ibanez et al. 2021	https://www.ncbi.nlm.nih.gov/nuccore/MZ374355	Tracking Asian tiger mosquito outbreak in the Netherlands using Nextstrain		
36489303-4	2020-08-20	Aedes albopictus	egg	field	europe	netherlands	noord-brabant	breda	PoE Highway		1B	genbank	genome	Ibanez et al. 2021	https://www.ncbi.nlm.nih.gov/nuccore/MZ374356	Tracking Asian tiger mosquito outbreak in the Netherlands using Nextstrain		
36489303-5	2020-08-20	Aedes albopictus	egg	field	europe	netherlands	noord-brabant	breda	PoE Highway		1B	genbank	genome	Ibanez et al. 2021	https://www.ncbi.nlm.nih.gov/nuccore/MZ374357	Tracking Asian tiger mosquito outbreak in the Netherlands using Nextstrain		
39775962-3	2020-08-12	Aedes albopictus	egg	field	europe	netherlands	noord-brabant	breda	PoE Highway		1B	genbank	genome	Ibanez et al. 2021	https://www.ncbi.nlm.nih.gov/nuccore/MZ374358	Tracking Asian tiger mosquito outbreak in the Netherlands using Nextstrain		
KR068634	2015-04-07	Aedes albopictus	adult 	unknown	asia	china	jiangsu	nanjing	Ref panel		1A	genbank	genome	Zhang et al. 2016	https://www.ncbi.nlm.nih.gov/nuccore/KR068634	Sequencing and analysis of the complete mitochondrial genome of Aedes albopictus (Diptera: Culicidae) in China	Mitochondrial DNA A DNA Mapp Seq Anal	https://www.ncbi.nlm.nih.gov/pubmed/26114325
1_Rim1	2016-06-13	Aedes albopictus	adult 	laboratory	europe	italy	emilia_romagna	rimini	Ref panel	A1a1a1	1B	genbank	genome	Battaglia et al. 2016	https://www.ncbi.nlm.nih.gov/nuccore/KX383916	The Worldwide Spread of the Tiger Mosquito as Revealed by Mitogenome Haplogroup Diversity	Frontiers in Genetics	https://www.ncbi.nlm.nih.gov/pubmed/27933090
2_Vir1	2016-06-13	Aedes albopictus	adult 	unknown	north_america	usa	virginia		Ref panel	A1a1a1a1	1B	genbank	genome	Battaglia et al. 2016	https://www.ncbi.nlm.nih.gov/nuccore/KX383917	The Worldwide Spread of the Tiger Mosquito as Revealed by Mitogenome Haplogroup Diversity	Frontiers in Genetics	https://www.ncbi.nlm.nih.gov/pubmed/27933090
3_Rc1	2016-06-13	Aedes albopictus	adult 	unknown	europe	italy	calabria	reggio_calabria	Ref panel	A1a1a1a1	1B	genbank	genome	Battaglia et al. 2016	https://www.ncbi.nlm.nih.gov/nuccore/KX383918	The Worldwide Spread of the Tiger Mosquito as Revealed by Mitogenome Haplogroup Diversity	Frontiers in Genetics	https://www.ncbi.nlm.nih.gov/pubmed/27933090
4_Vir2	2016-06-13	Aedes albopictus	adult 	unknown	north_america	usa	virginia		Ref panel	A1a1a1a1	1B	genbank	genome	Battaglia et al. 2016	https://www.ncbi.nlm.nih.gov/nuccore/KX383919	The Worldwide Spread of the Tiger Mosquito as Revealed by Mitogenome Haplogroup Diversity	Frontiers in Genetics	https://www.ncbi.nlm.nih.gov/pubmed/27933090
5_Ces1	2016-06-13	Aedes albopictus	adult 	unknown	europe	italy	emilia_romagna	cesena	Ref panel	A1a1a1a1	1B	genbank	genome	Battaglia et al. 2016	https://www.ncbi.nlm.nih.gov/nuccore/KX383920	The Worldwide Spread of the Tiger Mosquito as Revealed by Mitogenome Haplogroup Diversity	Frontiers in Genetics	https://www.ncbi.nlm.nih.gov/pubmed/27933090
6_Cas1	2016-06-13	Aedes albopictus	adult 	unknown	europe	italy	frosinone	cassino	Ref panel	A1a1a1a	1B	genbank	genome	Battaglia et al. 2016	https://www.ncbi.nlm.nih.gov/nuccore/KX383921	The Worldwide Spread of the Tiger Mosquito as Revealed by Mitogenome Haplogroup Diversity	Frontiers in Genetics	https://www.ncbi.nlm.nih.gov/pubmed/27933090
7_Pav3	2016-06-13	Aedes albopictus	adult 	unknown	europe	italy	lombardy	pavia	Ref panel	A1a1a1a	1B	genbank	genome	Battaglia et al. 2016	https://www.ncbi.nlm.nih.gov/nuccore/KX383922	The Worldwide Spread of the Tiger Mosquito as Revealed by Mitogenome Haplogroup Diversity	Frontiers in Genetics	https://www.ncbi.nlm.nih.gov/pubmed/27933090
8_Ces2	2016-06-13	Aedes albopictus	adult 	unknown	europe	italy	emilia_romagna	cesena	Ref panel	A1a1		genbank	genome	Battaglia et al. 2016	https://www.ncbi.nlm.nih.gov/nuccore/KX383923	The Worldwide Spread of the Tiger Mosquito as Revealed by Mitogenome Haplogroup Diversity	Frontiers in Genetics	https://www.ncbi.nlm.nih.gov/pubmed/27933090
10_Lam2	2016-06-13	Aedes albopictus	adult 	unknown	asia	thailand	lampang	hang_chat	Ref panel	A1b1a	1D	genbank	genome	Battaglia et al. 2016	https://www.ncbi.nlm.nih.gov/nuccore/KX383925	The Worldwide Spread of the Tiger Mosquito as Revealed by Mitogenome Haplogroup Diversity	Frontiers in Genetics	https://www.ncbi.nlm.nih.gov/pubmed/27933090
11_Ban7	2016-06-13	Aedes albopictus	adult 	unknown	asia	thailand	changwat_uthai_thani	ban_rai	Ref panel	A1b1a	1D	genbank	genome	Battaglia et al. 2016	https://www.ncbi.nlm.nih.gov/nuccore/KX383926	The Worldwide Spread of the Tiger Mosquito as Revealed by Mitogenome Haplogroup Diversity	Frontiers in Genetics	https://www.ncbi.nlm.nih.gov/pubmed/27933090
12_Ath1	2016-06-13	Aedes albopictus	adult 	unknown	europe	greece	attica	athens	Ref panel	A1b1a	1D	genbank	genome	Battaglia et al. 2016	https://www.ncbi.nlm.nih.gov/nuccore/KX383927	The Worldwide Spread of the Tiger Mosquito as Revealed by Mitogenome Haplogroup Diversity	Frontiers in Genetics	https://www.ncbi.nlm.nih.gov/pubmed/27933090
14_Rim4	2016-06-13	Aedes albopictus	adult 	laboratory	europe	italy	emilia_romagna	rimini	Ref panel	A1a2a1	1A	genbank	genome	Battaglia et al. 2016	https://www.ncbi.nlm.nih.gov/nuccore/KX383929	The Worldwide Spread of the Tiger Mosquito as Revealed by Mitogenome Haplogroup Diversity	Frontiers in Genetics	https://www.ncbi.nlm.nih.gov/pubmed/27933090
15_Tir1	2016-06-13	Aedes albopictus	adult 	unknown	europe	albania	tirana	tirana	Ref panel	A1a2a1	1A	genbank	genome	Battaglia et al. 2016	https://www.ncbi.nlm.nih.gov/nuccore/KX383930	The Worldwide Spread of the Tiger Mosquito as Revealed by Mitogenome Haplogroup Diversity	Frontiers in Genetics	https://www.ncbi.nlm.nih.gov/pubmed/27933090
16_Tir2	2016-06-13	Aedes albopictus	adult 	unknown	europe	albania	tirana	tirana	Ref panel	A1a2a1	1A	genbank	genome	Battaglia et al. 2016	https://www.ncbi.nlm.nih.gov/nuccore/KX383931	The Worldwide Spread of the Tiger Mosquito as Revealed by Mitogenome Haplogroup Diversity	Frontiers in Genetics	https://www.ncbi.nlm.nih.gov/pubmed/27933090
18_Ath2	2016-06-13	Aedes albopictus	adult 	unknown	europe	greece	attica	athens	Ref panel	A1a2a	1A	genbank	genome	Battaglia et al. 2016	https://www.ncbi.nlm.nih.gov/nuccore/KX383932	The Worldwide Spread of the Tiger Mosquito as Revealed by Mitogenome Haplogroup Diversity	Frontiers in Genetics	https://www.ncbi.nlm.nih.gov/pubmed/27933090
19_Pav4	2016-06-13	Aedes albopictus	adult 	unknown	europe	italy	lombardy	pavia	Ref panel	A1a2a	1A	genbank	genome	Battaglia et al. 2016	https://www.ncbi.nlm.nih.gov/nuccore/KX383933	The Worldwide Spread of the Tiger Mosquito as Revealed by Mitogenome Haplogroup Diversity	Frontiers in Genetics	https://www.ncbi.nlm.nih.gov/pubmed/27933090
20_Fo2	2016-06-13	Aedes albopictus	adult 	laboratory	asia	china	guangdong	foshan	Ref panel	A1a2	1A	genbank	genome	Battaglia et al. 2016	https://www.ncbi.nlm.nih.gov/nuccore/KX383934	The Worldwide Spread of the Tiger Mosquito as Revealed by Mitogenome Haplogroup Diversity	Frontiers in Genetics	https://www.ncbi.nlm.nih.gov/pubmed/27933090
21_Los1	2016-06-13	Aedes albopictus	adult 	field	asia	philippines	laguna	los_banos	Ref panel	A2a	2	genbank	genome	Battaglia et al. 2016	https://www.ncbi.nlm.nih.gov/nuccore/KX383935	The Worldwide Spread of the Tiger Mosquito as Revealed by Mitogenome Haplogroup Diversity	Frontiers in Genetics	https://www.ncbi.nlm.nih.gov/pubmed/27933090
22_Los2	2016-06-13	Aedes albopictus	adult 	field	asia	philippines	laguna	los_banos	Ref panel	A2a	2	genbank	genome	Battaglia et al. 2016	https://www.ncbi.nlm.nih.gov/nuccore/KX809761	The Worldwide Spread of the Tiger Mosquito as Revealed by Mitogenome Haplogroup Diversity	Frontiers in Genetics	https://www.ncbi.nlm.nih.gov/pubmed/27933090
23_Los3	2016-06-13	Aedes albopictus	adult 	field	asia	philippines	laguna	los_banos	Ref panel	A2a	2	genbank	genome	Battaglia et al. 2016	https://www.ncbi.nlm.nih.gov/nuccore/KX809762	The Worldwide Spread of the Tiger Mosquito as Revealed by Mitogenome Haplogroup Diversity	Frontiers in Genetics	https://www.ncbi.nlm.nih.gov/pubmed/27933090
25_Los4	2016-06-13	Aedes albopictus	adult 	field	asia	philippines	laguna	los_banos	Ref panel	A2	2	genbank	genome	Battaglia et al. 2016	https://www.ncbi.nlm.nih.gov/nuccore/KX809763	The Worldwide Spread of the Tiger Mosquito as Revealed by Mitogenome Haplogroup Diversity	Frontiers in Genetics	https://www.ncbi.nlm.nih.gov/pubmed/27933090
24_Los5	2016-06-13	Aedes albopictus	adult 	field	asia	philippines	laguna	los_banos	Ref panel	A2a	2	genbank	genome	Battaglia et al. 2016	https://www.ncbi.nlm.nih.gov/nuccore/KX809764	The Worldwide Spread of the Tiger Mosquito as Revealed by Mitogenome Haplogroup Diversity	Frontiers in Genetics	https://www.ncbi.nlm.nih.gov/pubmed/27933090
PoMo2599	2017-10-04	Aedes albopictus	adult 	field	europe	portugal	norte	penafiel	PoE used tires		1A	genbank	genome	Ze-Ze et al. 2020	https://www.ncbi.nlm.nih.gov/nuccore/MN513352	Mitogenome diversity of Aedes (Stegomyia) albopictus: Detection of Mitogenome diversity of Aedes (Stegomyia) albopictus: Detection of multiple introduction events in Portugal and potential	PLOS NEGLECTED TROPICAL DISEASES	https://pubmed.ncbi.nlm.nih.gov/32997656/
PoMo2600	2017-10-02	Aedes albopictus	adult 	field	europe	portugal	norte	penafiel	PoE used tires		1B	genbank	genome	Ze-Ze et al. 2020	https://www.ncbi.nlm.nih.gov/nuccore/MN513353	Mitogenome diversity of Aedes (Stegomyia) albopictus: Detection of Mitogenome diversity of Aedes (Stegomyia) albopictus: Detection of multiple introduction events in Portugal and potential	PLOS NEGLECTED TROPICAL DISEASES	https://pubmed.ncbi.nlm.nih.gov/32997656/
PoMo2601	2017-10-02	Aedes albopictus	adult 	field	europe	portugal	norte	penafiel	PoE used tires		1B	genbank	genome	Ze-Ze et al. 2020	https://www.ncbi.nlm.nih.gov/nuccore/MN513354	Mitogenome diversity of Aedes (Stegomyia) albopictus: Detection of Mitogenome diversity of Aedes (Stegomyia) albopictus: Detection of multiple introduction events in Portugal and potential	PLOS NEGLECTED TROPICAL DISEASES	https://pubmed.ncbi.nlm.nih.gov/32997656/
PoMo2602	2017-10-04	Aedes albopictus	adult 	field	europe	portugal	norte	penafiel	PoE used tires		1A	genbank	genome	Ze-Ze et al. 2020	https://www.ncbi.nlm.nih.gov/nuccore/MN513355	Mitogenome diversity of Aedes (Stegomyia) albopictus: Detection of Mitogenome diversity of Aedes (Stegomyia) albopictus: Detection of multiple introduction events in Portugal and potential	PLOS NEGLECTED TROPICAL DISEASES	https://pubmed.ncbi.nlm.nih.gov/32997656/
PoMo2604	2017-10-04	Aedes albopictus	adult 	field	europe	portugal	norte	penafiel	PoE used tires		1B	genbank	genome	Ze-Ze et al. 2020	https://www.ncbi.nlm.nih.gov/nuccore/MN513356	Mitogenome diversity of Aedes (Stegomyia) albopictus: Detection of Mitogenome diversity of Aedes (Stegomyia) albopictus: Detection of multiple introduction events in Portugal and potential	PLOS NEGLECTED TROPICAL DISEASES	https://pubmed.ncbi.nlm.nih.gov/32997656/
PoMo2607	2017-09-13	Aedes albopictus	adult 	field	europe	portugal	norte	penafiel	PoE used tires		1A	genbank	genome	Ze-Ze et al. 2020	https://www.ncbi.nlm.nih.gov/nuccore/MN513357	Mitogenome diversity of Aedes (Stegomyia) albopictus: Detection of Mitogenome diversity of Aedes (Stegomyia) albopictus: Detection of multiple introduction events in Portugal and potential	PLOS NEGLECTED TROPICAL DISEASES	https://pubmed.ncbi.nlm.nih.gov/32997656/
PoMo2608	2017-09-12	Aedes albopictus	adult 	field	europe	portugal	norte	penafiel	PoE used tires		1B	genbank	genome	Ze-Ze et al. 2020	https://www.ncbi.nlm.nih.gov/nuccore/MN513358	Mitogenome diversity of Aedes (Stegomyia) albopictus: Detection of Mitogenome diversity of Aedes (Stegomyia) albopictus: Detection of multiple introduction events in Portugal and potential	PLOS NEGLECTED TROPICAL DISEASES	https://pubmed.ncbi.nlm.nih.gov/32997656/
PoMo2708	2018-09-27	Aedes albopictus	adult 	field	europe	portugal	algarve	almancil	unknown		1A	genbank	genome	Ze-Ze et al. 2020	https://www.ncbi.nlm.nih.gov/nuccore/MN513359	Mitogenome diversity of Aedes (Stegomyia) albopictus: Detection of Mitogenome diversity of Aedes (Stegomyia) albopictus: Detection of multiple introduction events in Portugal and potential	PLOS NEGLECTED TROPICAL DISEASES	https://pubmed.ncbi.nlm.nih.gov/32997656/
PoMo2728	2018-10-04	Aedes albopictus	multiple adults	field	europe	portugal	algarve	almancil	unknown		1B	genbank	genome	Ze-Ze et al. 2020	https://www.ncbi.nlm.nih.gov/nuccore/MN513362	Mitogenome diversity of Aedes (Stegomyia) albopictus: Detection of Mitogenome diversity of Aedes (Stegomyia) albopictus: Detection of multiple introduction events in Portugal and potential	PLOS NEGLECTED TROPICAL DISEASES	https://pubmed.ncbi.nlm.nih.gov/32997656/
PoMoF505	2018-07-11	Aedes albopictus	adult 	field	europe	portugal	norte	penafiel	PoE used tires		1A	genbank	genome	Ze-Ze et al. 2020	https://www.ncbi.nlm.nih.gov/nuccore/MN513364	Mitogenome diversity of Aedes (Stegomyia) albopictus: Detection of Mitogenome diversity of Aedes (Stegomyia) albopictus: Detection of multiple introduction events in Portugal and potential	PLOS NEGLECTED TROPICAL DISEASES	https://pubmed.ncbi.nlm.nih.gov/32997656/
PoMoF506	2018-07-12	Aedes albopictus	adult 	field	europe	portugal	algarve	quarteira	unknown		1C	genbank	genome	Ze-Ze et al. 2020	https://www.ncbi.nlm.nih.gov/nuccore/MN513365	Mitogenome diversity of Aedes (Stegomyia) albopictus: Detection of Mitogenome diversity of Aedes (Stegomyia) albopictus: Detection of multiple introduction events in Portugal and potential	PLOS NEGLECTED TROPICAL DISEASES	https://pubmed.ncbi.nlm.nih.gov/32997656/
PoMoF607	2018-10-04	Aedes albopictus	adult 	field	europe	portugal	algarve	almancil	unknown		1C	genbank	genome	Ze-Ze et al. 2020	https://www.ncbi.nlm.nih.gov/nuccore/MN513366	Mitogenome diversity of Aedes (Stegomyia) albopictus: Detection of Mitogenome diversity of Aedes (Stegomyia) albopictus: Detection of multiple introduction events in Portugal and potential	PLOS NEGLECTED TROPICAL DISEASES	https://pubmed.ncbi.nlm.nih.gov/32997656/
